{
  "coeffs": [
    [
      0.7901434972268379,
      -0.7329467230862804,
      0.7901434972268379,
      -0.5662509144453123,
      0.3529631654933347,
      1.0812940682414984,
      1.977604923839786,
      1.7431066439800587,
      0.5023688411143543,
      2.2940427616548584,
      0.6237944903958021,
      -1.017795284340492,
      0.7257309111833742,
      -0.518675913392195,
      -0.518675913392195,
      -1.0379886561036251,
      1.3774310819839115,
      0.5042790716960615,
      1.4663246029112953,
      0.7901434972268379
    ],
    [
      -0.1597386811074218,
      2.471483498688678,
      -0.1597386811074218,
      1.1514411451798758,
      -0.7755032617745675,
      -0.23712466468467597,
      -0.5252656085660856,
      -0.618386767115857,
      -0.48631715892368127,
      -0.8316128266866825,
      -0.4157392531298444,
      2.69439496006995,
      -0.6236501086365179,
      1.7462927356919882,
      1.7462927356919882,
      -0.9635636448779824,
      -0.15096685254809888,
      -0.487374202777773,
      -0.43714319204410207,
      -0.1597386811074218
    ],
    [
      -0.4261014315794628,
      -1.3358785761076262,
      -0.4261014315794628,
      -0.6331863113504882,
      -0.03661535998304179,
      -0.5620927762419217,
      -1.082078051283278,
      -0.8412424438041464,
      -0.16145258617669572,
      -1.2621210523603432,
      -0.3027069584368837,
      -1.5538973753481682,
      -0.2968505090885123,
      -0.9441287832049836,
      -0.9441287832049836,
      0.9397205364830081,
      -0.6541899974393814,
      -0.16619388274530833,
      -0.8082559507864396,
      -0.4261014315794628
    ]
  ],
  "config": {
    "data_augmentation_config": {
      "add_builtin_entities_examples": false,
      "max_unknown_words": null,
      "min_utterances": 20,
      "noise_factor": 5,
      "unknown_word_prob": 0.0,
      "unknown_words_replacement_string": null
    },
    "featurizer_config": {
      "added_cooccurrence_feature_ratio": 0.0,
      "cooccurrence_vectorizer_config": {
        "filter_stop_words": true,
        "keep_order": true,
        "unit_name": "cooccurrence_vectorizer",
        "unknown_words_replacement_string": null,
        "window_size": null
      },
      "pvalue_threshold": 0.4,
      "tfidf_vectorizer_config": {
        "unit_name": "tfidf_vectorizer",
        "use_stemming": true,
        "word_clusters_name": null
      },
      "unit_name": "featurizer"
    },
    "noise_reweight_factor": 1,
    "unit_name": "log_reg_intent_classifier"
  },
  "featurizer": "featurizer",
  "intent_list": [
    "ja",
    "nein",
    null
  ],
  "intercept": [
    -1.1351846801752234,
    -1.1981473030150103,
    0.3600606518620073
  ],
  "t_": 4621.0
}