{
  "builtin_entity_scope": [],
  "config": {
    "unit_name": "tfidf_vectorizer",
    "use_stemming": true,
    "word_clusters_name": null
  },
  "language_code": "de",
  "vectorizer": {
    "idf_diag": [
      4.562465529258278,
      4.157000421150114,
      4.562465529258278,
      4.002849741322855,
      3.5508646175797978,
      4.562465529258278,
      3.8693183486983322,
      4.339321977944068,
      4.157000421150114,
      3.751535313041949,
      4.339321977944068,
      3.463853240590168,
      3.6461747973841225,
      4.157000421150114,
      4.157000421150114,
      3.6461747973841225,
      4.562465529258278,
      4.157000421150114,
      4.339321977944068,
      4.562465529258278
    ],
    "vocab": {
      "?": 0,
      "abschalt": 1,
      "and": 2,
      "dank": 3,
      "du": 4,
      "erzahl": 5,
      "funktion": 6,
      "ja": 7,
      "konn": 8,
      "mehr": 9,
      "mir": 10,
      "nein": 11,
      "noch": 12,
      "pass": 13,
      "schon": 14,
      "sein": 15,
      "sonst": 16,
      "was": 17,
      "weit": 18,
      "welch": 19
    }
  }
}